INSERT INTO Band values('Sam Brown');
INSERT INTO Band values('Maria Sharapova');
INSERT INTO Band values('Sania Mirza');
INSERT INTO Band values('Britney Simspon');
INSERT INTO Band values('The Crash');
INSERT INTO Band values('Dirty Rivers');
INSERT INTO Band values('JKD');
INSERT INTO Band values('Nowheresville Orchestra');
INSERT INTO Band values('Soledad Herrera');
INSERT INTO Singer values(1, 'Sam', 'Brown'); 
INSERT INTO Singer values(2, 'Maria', 'Sharapova');
INSERT INTO Singer values(3, 'Sania', 'Mirza');
INSERT INTO Singer values(4, 'Britney', 'Simspon');
INSERT INTO Singer values(5, 'Bobby', 'Badboy');
INSERT INTO Singer values(6, 'Samuel', 'Moore');
INSERT INTO Singer values(7, 'John', 'Harden');
INSERT INTO Singer values(8, 'Kyle', 'Harden');
INSERT INTO MusicType values('Classical');
INSERT INTO MusicType values('Jazz');
INSERT INTO MusicType values('Soft Rock');
INSERT INTO MusicType values('Folk');
INSERT INTO MusicType values('Pop');
INSERT INTO MusicType values('Punk');
INSERT INTO MusicType values('Blues');
INSERT INTO MusicType values('Funk');
INSERT INTO MusicType values('Rap');
INSERT INTO BandSingers values('Sam Brown', 1);
INSERT INTO BandSingers values('Maria Sharapova', 2);
INSERT INTO BandSingers values('Sania Mirza', 3);
INSERT INTO BandSingers values('Britney Simspon', 4);
INSERT INTO BandSingers values('The Crash', 5);
INSERT INTO BandSingers values('Dirty Rivers', 6);
INSERT INTO BandSingers values('JKD', 7);
INSERT INTO BandSingers values('JKD', 8);
INSERT INTO CD values ( 1, 'Roger Federer', '1ad','The Best of Nowheresville Orchestra','Classical','Nowheresville Orchestra','19771111', 12.99 );
INSERT INTO CD values ( 2, 'Rapheal Nadal', '2cd','Smooth Sounds','Jazz','Sam Brown','19970912', 15.99);
INSERT INTO CD values ( 3, 'Maria Sharapova', '3ae','Maria Sharapova','Soft Rock','Maria Sharapova','20071103', 9.99);
INSERT INTO CD values ( 4, 'Sania Mirza', '1ad','Summer Songs','Folk','Sania Mirza','20081204', 17.99);
INSERT INTO CD values ( 5, 'Novak Djokovic', '5ae','Britney Simpson','Pop','Britney Simspon','19801211', 9.99);
INSERT INTO CD values ( 6, 'Pete Sampras', '6ok', 'null','Punk','The Crash','19830521', 18.99);
INSERT INTO CD values ( 7, 'PIlar Cruz', '7ej','Sad Tales','Blues','Dirty Rivers','20000617', 13.99);
INSERT INTO CD values ( 8, 'Bob Smith', '8io','JKD','Rap','JKD','19940409', 11.99);
INSERT INTO CD values ( 9, 'Soledad Herrera', '8io','Lisboa Fado','Jazz','Soledad Herrera','19840104', 12.99);
INSERT INTO CD values ( 10, 'Soledad Herrera', '8dk','Presenting Soledad!','Jazz','Soledad Herrera','19880412', 12.99);
INSERT INTO CD values ( 11, 'Maria Sharapova', '7ae','Butterfly','Soft Rock','Maria Sharapova','20071103', 9.99);
INSERT INTO CD values ( 12, 'Maria Sharapova', '9ae','Moonlight','Soft Rock','Maria Sharapova','20071103', 9.99);
INSERT INTO CD values ( 13, 'PIlar Cruz', '3ad','Nowheresville Orchestra', 'Classical','Nowheresville Orchestra','20071113', 9.99);
INSERT INTO CDTracks values ( 1, 1, 'Concerto 1', 12);
INSERT INTO CDTracks values ( 2, 1, 'Shady Lady', 5);
INSERT INTO CDTracks values ( 3, 1, 'Love Song', 3);
INSERT INTO CDTracks values ( 4, 1, 'On the Prarie', 4);
INSERT INTO CDTracks values ( 5, 1, 'Waiting 4 u 2 Call', 7);
INSERT INTO CDTracks values ( 6, 1, 'Revolt', 10);
INSERT INTO CDTracks values ( 7, 1, 'Sumertime Blues', 3);
INSERT INTO CDTracks values ( 8, 1, 'In the Club', 6);
INSERT INTO CDTracks values ( 9, 1, 'Midnight Trumpet', 8);
INSERT INTO CDTracks values ( 1, 2, 'Concerto 2', 3);
INSERT INTO CDTracks values ( 3, 2, 'Another Love Song', 4);
INSERT INTO CDTracks values ( 4, 2, 'When the Rain Falls', 2);
INSERT INTO CDTracks values ( 1, 3, 'Concerto 3', 9);
INSERT INTO CDTracks values ( 10, 1, 'Black Cat', 3);
INSERT INTO CDTracks values ( 11, 1, 'Broken Heart', 6);
INSERT INTO CDTracks values ( 12, 1, 'Moonlight', 4);
INSERT INTO CDTracks values ( 13, 1, 'Concerto 1', 30);
INSERT INTO CDTracks values ( 13, 2, 'Concerto 2', 15);
INSERT INTO CDSingers values ( 2, 1, 1);
INSERT INTO CDSingers values (3, 1, 2);
INSERT INTO CDSingers values (4, 1, 3);
INSERT INTO CDSingers values (5, 1, 4);
INSERT INTO CDSingers values (6, 1, 5);
INSERT INTO CDSingers values (7, 1, 6);
INSERT INTO CDSingers values (8, 1, 7);
INSERT INTO CDSingers values (3, 2, 2);
INSERT INTO CDSingers values (11, 1, 2);
INSERT INTO CDSingers values (12, 1, 2);





